OID,EFF_DATE,SITE_NO,SITE_TYPE_CODE,STATE_CODE,ARPT_ID,ARPT_NAME,CITY,COUNTRY_CODE,OWNERSHIP_TYPE_CODE,FACILITY_USE_CODE,RWY_ID,LAT1_DECIMAL,LONG1_DECIMAL,LAT2_DECIMAL,LONG2_DECIMAL,RWY_LEN,RWY_WIDTH,SURFACE_TYPE_CODE,COND,TREATMENT_CODE,PCN,PAVEMENT_TYPE_CODE,SUBGRADE_STRENGTH_CODE,TIRE_PRES_CODE,DTRM_METHOD_CODE,RWY_LGT_CODE,RWY_LEN_SOURCE,LENGTH_SOURCE_DATE,GROSS_WT_SW,GROSS_WT_DW,GROSS_WT_DTW,GROSS_WT_DDTW,Shape__Area,Shape__Length
5826,2025/11/27,19345.,A,OR,S12,ALBANY MUNI,ALBANY,US,PU,PU,16/34,44.64193833,-123.05945563,44.63369891,-123.05943908,3004,75,ASPH,GOOD,NONE,,,,,,MED,3RD PARTY SURVEY,2017/07/29,30,43,71,,41342.9609375,2642.16099920878
5829,2025/11/27,19348.,A,OR,1S8,ARLINGTON MUNI,ARLINGTON,US,PU,PU,06/24,45.7218623,-120.18671788,45.72325255,-120.1672375,5000,50,TURF,GOOD,NONE,,,,,,,,,,,,,47658.0390625,4403.42036496992
5830,2025/11/27,19352.1,A,OR,S03,ASHLAND MUNI/SUMNER PARKER FLD,ASHLAND,US,PU,PU,12/30,42.19414277,-122.66478886,42.18642883,-122.65647372,3603,75,ASPH,EXCELLENT,NONE,,,,,,MED,3RD PARTY SURVEY,2017/11/22,15,,,,45760.53125,3028.2137030941
5832,2025/11/27,19354.,A,OR,AST,ASTORIA RGNL,ASTORIA,US,PU,PU,08/26,46.15983425,-123.88974263,46.15831419,-123.86698386,5794,100,ASPH,,NONE,,,,,,MED,3RD PARTY SURVEY,2022/09/23,60,76,119,,112165.34375,5178.6282467831
5833,2025/11/27,19354.,A,OR,AST,ASTORIA RGNL,ASTORIA,US,PU,PU,14/32,46.16204283,-123.88287908,46.15106925,-123.87504508,4467,100,ASPH,EXCELLENT,NONE,,,,,,MED,3RD PARTY SURVEY,2022/09/23,60,76,119,,86473.0859375,4022.63619952086
5835,2025/11/27,19356.,A,OR,UAO,AURORA STATE,AURORA,US,PU,PU,17/35,45.25393408,-122.76883975,45.24031869,-122.77125408,5003,100,ASPH,GOOD,GRVD,,,,,,MED,3RD PARTY SURVEY,2022/08/20,30,45,,,93768.28125,4425.4062050869
5836,2025/11/27,19358.,A,OR,BKE,BAKER CITY MUNI,BAKER CITY,US,PU,PU,08/26,44.83692427,-117.81427416,44.83574225,-117.80022869,3670,140,ASPH,FAIR,NONE,,,,,,,3RD PARTY SURVEY,2022/09/30,30,,,,94905.453125,3269.5662015705
5837,2025/11/27,19358.,A,OR,BKE,BAKER CITY MUNI,BAKER CITY,US,PU,PU,13/31,44.84224516,-117.81338444,44.83132994,-117.80119486,5084,100,ASPH,GOOD,NONE,,,,,,MED,3RD PARTY SURVEY,2022/09/30,50,65,,,93915.0078125,4457.37741947814
5838,2025/11/27,19358.,A,OR,BKE,BAKER CITY MUNI,BAKER CITY,US,PU,PU,17/35,44.84482502,-117.81271238,44.83287327,-117.81306386,4359,75,ASPH,GOOD,NONE,,,,,,,3RD PARTY SURVEY,2022/09/30,30,,,,60401.1796875,3817.76240901632
5839,2025/11/27,19362.1,A,OR,S05,BANDON STATE,BANDON,US,PU,PU,16/34,43.09139575,-124.40808011,43.08152386,-124.40764608,3601,60,ASPH,GOOD,NONE,,,,,,MED,3RD PARTY SURVEY,2006/01/31,12,,,,37640.3828125,3060.99764323345
5841,2025/11/27,19365.,A,OR,2S2,BEAVER MARSH,BEAVER MARSH,US,PR,PU,18/36,43.13342988,-121.80621555,43.12163794,-121.81122369,4500,60,DIRT,POOR,NONE,,,,,,LOW,,,,,,,47125.2109375,3816.08067670306
5842,2025/11/27,19371.,A,OR,BDN,BEND MUNI,BEND,US,PU,PU,16/34,44.10169211,-121.20021444,44.08742938,-121.20022752,5201,75,ASPH,GOOD,NONE,,,,,,MED,3RD PARTY SURVEY,2018/08/05,30,,,,70253.0078125,4484.99107315576
5843,2025/11/27,19374.,A,OR,M50,BOARDMAN,BOARDMAN,US,PU,PU,04/22,45.81214527,-119.82778972,45.81750416,-119.81321055,4200,100,ASPH,GOOD,NONE,,,,,,MED,NGS,1993/02/23,30,,,,80306.3828125,3757.15665962731
5845,2025/11/27,19374.51,A,OR,BOK,BROOKINGS,BROOKINGS,US,PU,PU,12/30,42.077123,-124.29296408,42.07073538,-124.28658933,2901,60,ASPH,GOOD,NONE,,,,,,MED,3RD PARTY SURVEY,2017/11/16,11,,,,29366.359375,2433.58584803369
5846,2025/11/27,19377.,A,OR,BNO,BURNS MUNI,BURNS,US,PU,PU,03/21,43.58746508,-118.95971841,43.59598602,-118.94691636,4600,60,CONC,GOOD,NONE,,,,,,MED,3RD PARTY SURVEY,2021/10/08,30,,,,48887.5078125,3921.5169183735
5847,2025/11/27,19377.,A,OR,BNO,BURNS MUNI,BURNS,US,PU,PU,12/30,43.59697583,-118.96421275,43.58716766,-118.95048533,5101,75,CONC,GOOD,NONE,,,,,,MED,3RD PARTY SURVEY,2021/10/08,30,50,90,,67765.65625,4356.28123892829
5848,2025/11/27,19381.,A,OR,3S4,ILLINOIS VALLEY,CAVE JUNCTION,US,PU,PU,18/36,42.10992027,-123.67988444,42.09728011,-123.68494852,4807,60,ASPH,GOOD,NONE,,,,,,MED,ADO,2006/10/31,20,30,,,48710.390625,4006.30926773662
5849,2025/11/27,19403.,A,OR,2S7,CHILOQUIN STATE,CHILOQUIN,US,PU,PU,17/35,42.58443458,-121.87829197,42.5742023,-121.87973633,3749,60,ASPH,GOOD,NONE,,,,,,MED,ADO,2012/11/05,10,,,,38568.796875,3160.081142659
5850,2025/11/27,19403.3,A,OR,62S,CHRISTMAS VALLEY,CHRISTMAS VALLEY,US,PU,PU,07/25,43.2362885,-120.67444377,43.23621697,-120.65493619,5200,60,ASPH,GOOD,NONE,,,,,,MED,3RD PARTY SURVEY,2015/05/24,12,,,,54621.5546875,4393.50784563539
5851,2025/11/27,19403.5,A,OR,3S6,TOKETEE STATE,CLEARWATER,US,PU,PU,11/29,43.22815247,-122.42886708,43.21873819,-122.41346147,5350,60,TURF,GOOD,NONE,,,,,,,,,,,,,56201.4921875,4526.57098776195
5852,2025/11/27,19405.4,A,OR,3S9,CONDON STATE PAULING FLD,CONDON,US,PU,PU,07/25,45.24657938,-120.173246,45.24655341,-120.15965544,3500,60,CONC,GOOD,NONE,,,,,,MED,,,12,,,,39362.578125,3077.83533652034
5853,2025/11/27,19407.,A,OR,CVO,CORVALLIS MUNI,CORVALLIS,US,PU,PU,10/28,44.50123566,-123.28928916,44.49805458,-123.27827122,3100,75,ASPH,EXCELLENT,NONE,,,,,,MED,3RD PARTY SURVEY,2019/10/14,51,65,100,,42463.3828125,2710.55639626714
5854,2025/11/27,19407.,A,OR,CVO,CORVALLIS MUNI,CORVALLIS,US,PU,PU,17/35,44.50345222,-123.29106952,44.48738897,-123.29381008,5900,150,ASPH,EXCELLENT,NONE,,,,,,HIGH,3RD PARTY SURVEY,2019/10/14,35,73,100,,161606.453125,5178.68036206193
5855,2025/11/27,19411.1,A,OR,61S,COTTAGE GROVE STATE,COTTAGE GROVE,US,PU,PU,15/33,43.80834777,-123.0334828,43.79979325,-123.03074952,3201,60,ASPH,EXCELLENT,NONE,,,,,,MED,3RD PARTY SURVEY,2018/08/16,15,,,,34263.875,2758.82565706781
5856,2025/11/27,19413.,A,OR,5S2,CRESCENT LAKE STATE,CRESCENT LAKE,US,PU,PU,13/31,43.53695663,-121.95393083,43.52862338,-121.946587,3608,40,ASPH,EXCELLENT,NONE,,,,,,,ADO,2020/11/04,,,,,25521.0078125,3070.44883194959
5857,2025/11/27,19414.1,A,OR,77S,HOBBY FLD,CRESWELL,US,PU,PU,16/34,43.93499675,-123.00727641,43.92653066,-123.00608038,3102,60,ASPH,EXCELLENT,NONE,,,,,,MED,,,12.5,,,,33349.6171875,2681.46003211135
5859,2025/11/27,19430.1,A,OR,8S4,ENTERPRISE MUNI,ENTERPRISE,US,PU,PU,12/30,45.42775358,-117.26844058,45.421928,-117.26103625,2850,50,ASPH,FAIR,NONE,,,,,,HIGH,ADO,2013/02/14,7,,,,26880.59375,2519.82635848582
5860,2025/11/27,19430.14,A,OR,68D,REDS HORSE RANCH USFS,ENTERPRISE,US,PU,PU,14/32,45.3467,-117.62928888,45.34241944,-117.62367777,2125,20,TURF,,NONE,,,,,,,,,,,,,7994.2890625,1861.04555950476
5861,2025/11/27,19430.16,A,OR,O62,B & H USFS,ENTERPRISE,US,PU,PU,04/22,45.72228888,-117.07988888,45.72594444,-117.07486111,1850,30,TURF,,NONE,,,,,,,OWNER,2020/03/30,,,,,10583.1640625,1642.39983418418
5863,2025/11/27,19434.,A,OR,EUG,MAHLON SWEET FLD,EUGENE,US,PU,PU,16L/34R,44.13297441,-123.20272913,44.11651711,-123.20248516,6000,150,ASPH,GOOD,GRVD,,,,,,HIGH,3RD PARTY SURVEY,2016/07/19,120,211,342,,162299.71875,5231.82149563532
5864,2025/11/27,19434.,A,OR,EUG,MAHLON SWEET FLD,EUGENE,US,PU,PU,16R/34L,44.13544855,-123.219148,44.11347969,-123.218816,8009,150,ASPH,GOOD,GRVD,,,,,,HIGH,3RD PARTY SURVEY,2016/07/19,120,250,550,,216652.625,6941.35169721071
5865,2025/11/27,19443.,A,OR,6S2,FLORENCE MUNI,FLORENCE,US,PU,PU,15/33,43.98683502,-124.11260013,43.97880158,-124.11013469,3000,60,ASPH,GOOD,NONE,,,,,,MED,3RD PARTY SURVEY,2019/01/17,12.5,,,,32301.7890625,2596.31017176958
5866,2025/11/27,19447.4,A,OR,6S4,DAVIS,GATES,US,PR,PU,07/25,44.7460358,-122.42510444,44.7457443,-122.41764716,1940,50,TURF,GOOD,NONE,,,,,,,,,,,,,17870.671875,1705.78343580744
5867,2025/11/27,19449.4,A,OR,S45,SILETZ BAY STATE,GLENEDEN BEACH,US,PU,PU,17/35,44.88122794,-124.02735691,44.87234713,-124.02975666,3297,60,ASPH,FAIR,NONE,,,,,,MED,3RD PARTY SURVEY,2009/08/09,11,,,,36601.8359375,2892.43754296022
5868,2025/11/27,19453.,A,OR,4S1,GOLD BEACH MUNI,GOLD BEACH,US,PU,PU,16/34,42.41972719,-124.42540552,42.41097705,-124.42443688,3200,75,ASPH,GOOD,NONE,,,,,,MED,3RD PARTY SURVEY,2015/07/28,12.5,,,,40928.0390625,2709.38314135227
5869,2025/11/27,19457.1,A,OR,3S8,GRANTS PASS,GRANTS PASS,US,PU,PU,13/31,42.51441711,-123.39260675,42.50582436,-123.38337363,4001,75,ASPH,EXCELLENT,NONE,,,,,,MED,3RD PARTY SURVEY,2020/05/14,19,,,,51328.359375,3372.72988085412
5871,2025/11/27,19465.,A,OR,HRI,HERMISTON MUNI,HERMISTON,US,PU,PU,05/23,45.82535144,-119.2669825,45.83107991,-119.25134294,4501,75,ASPH,GOOD,NONE,,,,,,MED,3RD PARTY SURVEY,2017/07/31,22,,,,64580.234375,3999.39224041658
5873,2025/11/27,19473.,A,OR,4S2,KEN JERNSTEDT AIRFIELD,HOOD RIVER,US,PU,PU,07/25,45.67277458,-121.53981755,45.67277894,-121.52791013,3040,75,ASPH,EXCELLENT,NONE,,,,,,MED,,,23,,,,43433.3203125,2716.59007304172
5874,2025/11/27,19474.,A,OR,7S9,LENHARDT AIRPARK,HUBBARD,US,PR,PU,02/20,45.17844444,-122.74697222,45.18461111,-122.73952777,2956,45,ASPH,GOOD,NONE,,,,,,LOW,STATE,2004/10/27,,,,,24876.796875,2596.45161367218
5875,2025/11/27,19476.21,A,OR,25U,MEMALOOSE USFS,IMNAHA,US,PU,PU,17/35,45.43228997,-116.69259886,45.42341927,-116.69516261,3300,120,DIRT,FAIR,NONE,,,,,,,STATE,2002/09/04,,,,,74707.46875,2975.4870418165
5876,2025/11/27,19476.41,A,OR,O68,SLUICE CREEK,IMNAHA,US,PU,PU,03/21,45.44661111,-116.58628333,45.44854722,-116.58365555,976,25,TURF,,NONE,,,,,,,OWNER,2022/10/27,,,,,4606.921875,870.125657207713
5877,2025/11/27,19476.42,A,OR,O48,SALMON BAR,IMNAHA,US,PU,PU,14/32,45.86121388,-116.79843333,45.85931111,-116.7972,762,30,TURF,,NONE,,,,,,,OWNER,2022/10/27,,,,,4376.4453125,693.638338238661
5878,2025/11/27,19476.43,A,OR,O29,PITTSBURG LANDING,IMNAHA,US,PU,PU,13/31,45.63016111,-116.47587777,45.62865277,-116.47391944,744,25,TURF,,NONE,,,,,,,OWNER,2022/10/27,,,,,3533.109375,670.407595729661
5879,2025/11/27,19476.43,A,OR,O29,PITTSBURG LANDING,IMNAHA,US,PU,PU,16/34,45.63052777,-116.47520555,45.62857222,-116.47488611,718,25,TURF,,NONE,,,,,,,OWNER,2022/10/27,,,,,3408.4921875,648.40676170327
5881,2025/11/27,19476.5,A,OR,7S5,INDEPENDENCE STATE,INDEPENDENCE,US,PU,PU,16/34,44.87126861,-123.19825625,44.8630345,-123.1982338,3002,60,ASPH,GOOD,NONE,,,,,,MED,3RD PARTY SURVEY,2018/11/07,12.5,,,,33315.96875,2638.11962715721
5882,2025/11/27,19480.,A,OR,GCD,GRANT COUNTY RGNL/OGILVIE FLD,JOHN DAY,US,PU,PU,09/27,44.4039318,-118.98018008,44.40010236,-118.965439,4100,60,ASPH,GOOD,NONE,,,,,,MED,3RD PARTY SURVEY,2023/11/17,12.5,,,,44757.4921875,3543.42815703272
5883,2025/11/27,19480.,A,OR,GCD,GRANT COUNTY RGNL/OGILVIE FLD,JOHN DAY,US,PU,PU,17/35,44.41088641,-118.96290647,44.39659663,-118.96431333,5224,60,ASPH,GOOD,NONE,,,,,,MED,3RD PARTY SURVEY,2023/11/17,12.5,,,,57044.53125,4515.28135083187
5884,2025/11/27,19480.5,A,OR,JSY,JOSEPH STATE,JOSEPH,US,PU,PU,15/33,45.36649391,-117.25613911,45.35260536,-117.25153936,5202,60,ASPH,EXCELLENT,NONE,,,,,,MED,3RD PARTY SURVEY,2020/06/17,12.5,,,,58708.2578125,4570.20004673247
5886,2025/11/27,19481.,A,OR,LMT,CRATER LAKE/KLAMATH RGNL,KLAMATH FALLS,US,PU,PU,08/26,42.15631813,-121.74259708,42.15621944,-121.72415852,5001,75,ASPH,GOOD,GRVD,,,,,,MED,3RD PARTY SURVEY,2018/12/14,41,68,116,,63435.4296875,4167.05839322858
5887,2025/11/27,19481.,A,OR,LMT,CRATER LAKE/KLAMATH RGNL,KLAMATH FALLS,US,PU,PU,14/32,42.16920491,-121.74040547,42.14295794,-121.72631538,10302,150,ASPH-CONC,GOOD,GRVD,,,,,,HIGH,3RD PARTY SURVEY,2018/12/14,120,243,474,970,261357.8046875,8607.1962952039
5888,2025/11/27,19487.,A,OR,LGD,LA GRANDE/UNION COUNTY,LA GRANDE,US,PU,PU,12/30,45.29554966,-118.01196477,45.28340091,-117.99477583,6261,100,ASPH,GOOD,NONE,,,,,,MED,3RD PARTY SURVEY,2022/07/14,65,90,130,,117506.1796875,5511.26327564852
5889,2025/11/27,19487.,A,OR,LGD,LA GRANDE/UNION COUNTY,LA GRANDE,US,PU,PU,17/35,45.29300666,-118.01119522,45.28368455,-118.01119869,3400,75,ASPH,GOOD,NONE,,,,,,MED,3RD PARTY SURVEY,2022/07/14,45,60,100,,47846.546875,3014.9104034823
5890,2025/11/27,19491.,A,OR,LKV,LAKE COUNTY,LAKEVIEW,US,PU,PU,17/35,42.16839966,-120.39903425,42.15381033,-120.39912066,5318,100,ASPH,GOOD,NONE,,,,,,MED,3RD PARTY SURVEY,2017/09/06,74,86,,,89955.7578125,4464.08953289861
5891,2025/11/27,19500.,A,OR,S30,LEBANON STATE,LEBANON,US,PU,PU,16/34,44.53491741,-122.92972694,44.52738275,-122.92972338,2747,60,ASPH,GOOD,NONE,,,,,,MED,3RD PARTY SURVEY,2016/07/22,,,,,30134.640625,2404.40283648037
5893,2025/11/27,19500.5,A,OR,9S9,LEXINGTON,LEXINGTON,US,PU,PU,08/26,45.45502075,-119.69826833,45.45326886,-119.68227044,4156,75,ASPH,GOOD,NONE,,,,,,MED,3RD PARTY SURVEY,2011/06/03,12.5,,,,58828.609375,3670.16926007739
5894,2025/11/27,19501.57,A,OR,26U,MC DERMITT STATE,MC DERMITT,US,PU,PU,16/34,42.01839563,-117.72657733,42.00222236,-117.72768827,5900,60,ASPH,EXCELLENT,NONE,13,F,C,X,T,MED,,,12.5,,,,59627.48046875,4901.60031400506
5895,2025/11/27,19501.7,A,OR,00S,MC KENZIE BRIDGE STATE,MC KENZIE BRIDGE,US,PU,PU,06/24,44.18078686,-122.09038955,44.18231316,-122.08070575,2600,90,TURF,FAIR,NONE,,,,,,,,,,,,,42290.5859375,2284.08166842145
5896,2025/11/27,19502.,A,OR,MMV,MC MINNVILLE MUNI,MC MINNVILLE,US,PU,PU,04/22,45.19175758,-123.14817975,45.19980938,-123.13050861,5420,100,ASPH,EXCELLENT,NONE,,,,,,HIGH,3RD PARTY SURVEY,2023/09/20,40,50,80,,101390.8125,4771.64475562885
5897,2025/11/27,19502.,A,OR,MMV,MC MINNVILLE MUNI,MC MINNVILLE,US,PU,PU,17/35,45.19892275,-123.13111222,45.18708533,-123.13283675,4340,75,ASPH,EXCELLENT,NONE,,,,,,,3RD PARTY SURVEY,2023/09/20,30,,,,60873.8046875,3824.16541151764
5899,2025/11/27,19505.,A,OR,S33,MADRAS MUNI,MADRAS,US,PU,PU,04/22,44.67390705,-121.16272155,44.67815386,-121.15421602,2701,50,ASPH,FAIR,NONE,,,,,,,3RD PARTY SURVEY,2019/10/18,16,,,,24810.5078125,2356.74586357336
5900,2025/11/27,19505.,A,OR,S33,MADRAS MUNI,MADRAS,US,PU,PU,16/34,44.67403163,-121.15338427,44.66006955,-121.15339241,5091,75,ASPH,GOOD,NONE,,,,,,MED,3RD PARTY SURVEY,2019/10/18,75,120,180,,70127.859375,4434.94218145296
5902,2025/11/27,19506.,A,OR,4S7,MALIN,MALIN,US,PU,PU,14/32,42.00469419,-121.39828058,41.99755916,-121.39445113,2800,30,ASPH,GOOD,NONE,,,,,,,,,,,,,14144.9375,2325.96225700276
5903,2025/11/27,19507.,A,OR,3S7,NEHALEM BAY STATE,MANZANITA,US,PU,PU,15/33,45.7013328,-123.9301145,45.69492052,-123.92917233,2350,50,ASPH,GOOD,NONE,,,,,,,,,,,,,22379.8828125,2098.3234054095
5904,2025/11/27,19514.,A,OR,MFR,ROGUE VALLEY INTL/MEDFORD,MEDFORD,US,PU,PU,14/32,42.38621763,-122.87918522,42.36371122,-122.86739161,8800,150,ASPH,GOOD,GRVD,,,,,,HIGH,3RD PARTY SURVEY,2019/09/10,75,200,400,,224832.2890625,7396.95408326234
5907,2025/11/27,19524.4,A,OR,12S,MONUMENT MUNI,MONUMENT,US,PU,PU,14/32,44.8341753,-119.43125527,44.82885825,-119.42809783,2104,29,ASPH,FAIR,NONE,,,,,,,,,,,,,11274.3125,1836.10349259263
5908,2025/11/27,19529.2,A,OR,16S,MYRTLE CREEK MUNI,MYRTLE CREEK,US,PU,PU,03/21,42.99495888,-123.31906022,42.99956188,-123.31163311,2600,60,ASPH,GOOD,NONE,,,,,,MED,,,12,,,,27112.046875,2217.42951320562
5909,2025/11/27,19535.,A,OR,2S6,SPORTSMAN AIRPARK,NEWBERG,US,PR,PU,17/35,45.29855555,-122.95312027,45.2911,-122.95485833,2755,50,ASPH,EXCELLENT,NONE,,,,,,LOW,ADO,2007/07/03,30,,,,25859.7421875,2434.3985506904
5910,2025/11/27,19538.,A,OR,ONP,NEWPORT MUNI,NEWPORT,US,PU,PU,02/20,44.57873683,-124.05964555,44.58528102,-124.05266291,3001,75,ASPH,GOOD,NONE,,,,,,MED,3RD PARTY SURVEY,2009/06/18,33,50,84,,41215.4140625,2633.48512146962
5911,2025/11/27,19538.,A,OR,ONP,NEWPORT MUNI,NEWPORT,US,PU,PU,16/34,44.586844,-124.05937083,44.5720538,-124.05840375,5398,100,ASPH,GOOD,NONE,34,F,D,X,T,HIGH,3RD PARTY SURVEY,2009/06/18,75,120,170,,98859.53125,4713.47571292641
5912,2025/11/27,19541.,A,OR,OTH,SOUTHWEST OREGON RGNL,NORTH BEND,US,PU,PU,05/23,43.41472911,-124.26059788,43.42276472,-124.24097569,5980,150,ASPH,GOOD,GRVD,,,,,,HIGH,3RD PARTY SURVEY,2008/05/22,120,215,340,800,158015.328125,5141.19482492174
5913,2025/11/27,19541.,A,OR,OTH,SOUTHWEST OREGON RGNL,NORTH BEND,US,PU,PU,13/31,43.41984155,-124.24623886,43.4092605,-124.23773488,4470,150,ASPH,GOOD,GRVD,,,,,,MED,3RD PARTY SURVEY,2008/05/22,120,190,305,735,118099.3984375,3881.06532018597
5914,2025/11/27,19548.1,A,OR,5S0,OAKRIDGE STATE,OAKRIDGE,US,PU,PU,09/27,43.75369566,-122.51117797,43.75143694,-122.49787238,3610,47,ASPH,POOR,NONE,,,,,,,,,,,,,30227.59375,3082.78336990269
5915,2025/11/27,19554.,A,OR,ONO,ONTARIO MUNI,ONTARIO,US,PU,PU,15/33,44.02574416,-117.01648736,44.01296063,-117.00954183,5006,100,ASPH,FAIR,NONE,,,,,,MED,3RD PARTY SURVEY,2016/01/13,30,60,,,89949.71875,4333.88414055688
5916,2025/11/27,19559.,A,OR,28U,OWYHEE RESERVOIR STATE,OWYHEE,US,PU,PU,13/31,43.42683747,-117.34777377,43.4228398,-117.34354197,1840,30,DIRT,FAIR,NONE,,,,,,,,,,,,,9728.44140625,1570.96572005859
5917,2025/11/27,19560.5,A,OR,PFC,PACIFIC CITY STATE,PACIFIC CITY,US,PU,PU,14/32,45.20183055,-123.96279722,45.19689166,-123.96099166,1860,30,ASPH,GOOD,NONE,,,,,,,,,7,,,,10440.2421875,1637.35400281776
5918,2025/11/27,19561.1,A,OR,22S,PAISLEY,PAISLEY,US,PU,PU,13/31,42.72298255,-120.56702786,42.71298683,-120.55852002,4300,60,ASPH,GOOD,NONE,,,,,,LOW,,,,,,,44440.171875,3622.2861423946
5919,2025/11/27,19562.,A,OR,PDT,EASTERN OREGON RGNL AT PENDLETON,PENDLETON,US,PU,PU,08/26,45.69533825,-118.85337138,45.69538227,-118.82871591,6301,150,ASPH,FAIR,PFC,34,F,B,Y,U,HIGH,3RD PARTY SURVEY,2023/11/14,115,132,210,,179938.0234375,5620.40637395976
5920,2025/11/27,19562.,A,OR,PDT,EASTERN OREGON RGNL AT PENDLETON,PENDLETON,US,PU,PU,11/29,45.69881655,-118.85381738,45.69067808,-118.83901505,4808,100,ASPH,GOOD,GRVD,18,F,B,Y,U,MED,3RD PARTY SURVEY,2023/11/14,70,120,122,,91538.4453125,4281.37735429672
5921,2025/11/27,19566.1,A,OR,24S,PINEHURST STATE,PINEHURST,US,PU,PU,04/22,42.10799705,-122.38734002,42.11239111,-122.378872,2800,30,ASPH,GOOD,NONE,,,,,,,,,,,,,14193.0546875,2325.41025845486
5922,2025/11/27,19570.,A,OR,4S9,MULINO STATE,PORTLAND-MULINO,US,PU,PU,14/32,45.22095161,-122.59252975,45.2121515,-122.58787716,3425,100,ASPH,GOOD,NONE,,,,,,MED,3RD PARTY SURVEY,2015/05/19,,,,,64128.203125,3054.38294405372
5923,2025/11/27,19571.,A,OR,PDX,PORTLAND INTL,PORTLAND,US,PU,PU,03/21,45.582425,-122.61681077,45.59405694,-122.60023508,6000,150,ASPH,EXCELLENT,GRVD,,,,,,MED,3RD PARTY SURVEY,2009/10/30,120,250,380,,170709.34375,5356.89064858594
5924,2025/11/27,19571.,A,OR,PDX,PORTLAND INTL,PORTLAND,US,PU,PU,10L/28R,45.596515,-122.60001613,45.58343847,-122.56646211,9825,150,ASPH,EXCELLENT,GRVD,,,,,,HIGH,3RD PARTY SURVEY,2009/10/30,200,200,400,,279553.859375,8681.5435912844
5925,2025/11/27,19571.,A,OR,PDX,PORTLAND INTL,PORTLAND,US,PU,PU,10R/28L,45.59514852,-122.62147283,45.58051475,-122.58390175,11000,150,CONC,GOOD,GRVD,,,,,,HIGH,,,200,200,360,,312965.5078125,9703.86301928633
5926,2025/11/27,19571.5,A,OR,HIO,PORTLAND-HILLSBORO,PORTLAND,US,PU,PU,02/20,45.53403797,-122.95196275,45.54211302,-122.94245975,3820,75,ASPH,GOOD,NONE,20,F,C,X,T,MED,3RD PARTY SURVEY,2017/10/03,54.5,74,139,,54260.359375,3391.56926136273
5927,2025/11/27,19571.5,A,OR,HIO,PORTLAND-HILLSBORO,PORTLAND,US,PU,PU,13L/31R,45.55001416,-122.95653316,45.54206908,-122.94819169,3600,60,ASPH,EXCELLENT,NONE,10,F,D,Y,T,MED,3RD PARTY SURVEY,2017/10/03,28,,,,40910.5546875,3187.23393224234
5928,2025/11/27,19571.5,A,OR,HIO,PORTLAND-HILLSBORO,PORTLAND,US,PU,PU,13R/31L,45.54960825,-122.95950472,45.5350428,-122.94421225,6600,150,ASPH,GOOD,NONE,,,,,,HIGH,3RD PARTY SURVEY,2017/10/03,50,70,110,,187481.1171875,5877.64041654201
5929,2025/11/27,19572.,A,OR,TTD,PORTLAND-TROUTDALE,PORTLAND,US,PU,PU,07/25,45.54919983,-122.41178488,45.54953952,-122.39071844,5399,150,ASPH,GOOD,NONE,,,,,,MED,OWNER,2014/10/21,19,25,,,153389.0078125,4822.23546768713
5930,2025/11/27,19573.5,A,OR,6S6,POWERS,POWERS,US,PU,PU,13/31,42.87232477,-124.06138613,42.86641608,-124.05664508,2500,60,TURF,GOOD,NONE,,,,,,,,,,,,,25963.1796875,2132.15420318928
5931,2025/11/27,19575.,A,OR,S39,PRINEVILLE,PRINEVILLE,US,PU,PU,11/29,44.29337097,-120.9147925,44.28612102,-120.89679277,5405,75,ASPH,GOOD,NONE,,,,,,MED,3RD PARTY SURVEY,2021/08/07,30,,,,73496.8359375,4662.22901325112
5932,2025/11/27,19575.,A,OR,S39,PRINEVILLE,PRINEVILLE,US,PU,PU,15/33,44.29082786,-120.90625563,44.27983522,-120.90395447,4053,40,ASPH,POOR,NONE,,,,,,LOW,3RD PARTY SURVEY,2021/08/07,5,,,,29391.6171875,3490.94035814713
5939,2025/11/27,19578.,A,OR,64S,PROSPECT STATE,PROSPECT,US,PU,PU,02/20,42.73840111,-122.49376791,42.74678783,-122.48415755,4000,50,ASPH,EXCELLENT,NONE,,,,,,LOW,FAA-EST,2011/08/05,,,,,34476.8984375,3364.47922343297
5940,2025/11/27,19580.,A,OR,RDM,ROBERTS FLD,REDMOND,US,PU,PU,05/23,44.24950936,-121.16178461,44.25905422,-121.13844225,7038,150,ASPH,GOOD,GRVD,,,,,,HIGH,3RD PARTY SURVEY,2015/03/18,120,216,399,,191179.3515625,6111.98601606222
5941,2025/11/27,19580.,A,OR,RDM,ROBERTS FLD,REDMOND,US,PU,PU,11/29,44.25893097,-121.16117794,44.24877677,-121.13847961,7006,100,ASPH,GOOD,GRVD,,,,,,MED,3RD PARTY SURVEY,2019/01/26,109,178,,,126883.5625,6043.40970761888
5944,2025/11/27,19589.,A,OR,RBG,ROSEBURG RGNL,ROSEBURG,US,PU,PU,16/34,43.24619675,-123.35586311,43.23247372,-123.35584208,5003,100,ASPH,FAIR,NONE,,,,,,MED,3RD PARTY SURVEY,2021/03/28,42,54,88,,87598.4296875,4277.49356664776
5945,2025/11/27,19589.1,A,OR,5S1,GEORGE FELT,ROSEBURG,US,PR,PU,10/28,43.2170498,-123.40811327,43.21385586,-123.40066991,2300,100,TURF,GOOD,NONE,,,,,,,,,,,,,40258.5390625,2006.83363851337
5947,2025/11/27,19595.,A,OR,SLE,MCNARY FLD,SALEM,US,PU,PU,13/31,44.91687236,-123.0072535,44.90305872,-122.99607008,5811,150,ASPH,GOOD,GRVD,,,,,,HIGH,3RD PARTY SURVEY,2016/10/19,120,189,280,759,161440.7734375,5134.70355498677
5948,2025/11/27,19595.,A,OR,SLE,MCNARY FLD,SALEM,US,PU,PU,16/34,44.91611158,-123.00330277,44.9019993,-123.00357094,5146,100,ASPH,GOOD,GRVD,15,F,D,X,T,MED,3RD PARTY SURVEY,2016/10/19,39.5,52,,,95313.0234375,4522.67542816063
5950,2025/11/27,19596.1,A,OR,03S,SANDY RIVER,SANDY,US,PR,PU,08/26,45.40218155,-122.23273088,45.40102758,-122.22465961,2115,100,TURF,GOOD,NONE,,,,,,NSTD,,,,,,,39863.6796875,1920.80598900318
5951,2025/11/27,19598.,A,OR,SPB,SCAPPOOSE,SCAPPOOSE,US,PU,PU,15/33,45.77789119,-122.86379252,45.76417894,-122.85985952,5100,100,ASPH,FAIR,NONE,,,,,,MED,NGS,2006/04/09,30,50,90,,97364.859375,4550.7079901054
5952,2025/11/27,19602.,A,OR,56S,SEASIDE MUNI,SEASIDE,US,PU,PU,16/34,46.01802694,-123.90766583,46.01196472,-123.90764916,2211,50,ASPH,GOOD,NONE,,,,,,MED,ADO,2007/04/05,12,,,,21287.6640625,1987.29382390986
5954,2025/11/27,19607.3,A,OR,6K5,SISTERS EAGLE AIR,SISTERS,US,PR,PU,02/20,44.30080555,-121.54358333,44.30813888,-121.53461111,3560,60,ASPH,EXCELLENT,NONE,,,,,,,OWNER,2014/08/14,4,,,,38740.578125,3083.46772334908
5956,2025/11/27,19607.36,A,OR,5S6,CAPE BLANCO STATE,SIXES,US,PU,PU,14/32,42.86457547,-124.52119555,42.85149586,-124.51442277,5100,75,ASPH,EXCELLENT,NONE,,,,,,MED,ADO,2025/06/10,115,185,340,,66181.859375,4311.389312933
5958,2025/11/27,19609.8,A,OR,S21,SUNRIVER,SUNRIVER,US,PR,PU,18/36,43.883513,-121.45021397,43.86911172,-121.45588836,5460,75,ASPH,EXCELLENT,NONE,,,,,,MED,3RD PARTY SURVEY,2020/09/29,30,,,,73221.03125,4687.27147899582
5959,2025/11/27,19614.,A,OR,DLS,COLUMBIA GORGE RGNL/THE DALLES MUNI,THE DALLES,US,PU,PU,07/25,45.62080388,-121.17801805,45.62124666,-121.15986944,4647,100,ASPH,GOOD,NONE,,,,,,MED,,,30,30,,,88237.2265625,4130.34351609109
5960,2025/11/27,19614.,A,OR,DLS,COLUMBIA GORGE RGNL/THE DALLES MUNI,THE DALLES,US,PU,PU,13/31,45.62353,-121.17343416,45.61213444,-121.16190027,5097,100,ASPH,GOOD,NONE,32,F,C,X,T,MED,,,30,30,,,96776.4765625,4531.37152351837
5961,2025/11/27,19616.,A,OR,TMK,TILLAMOOK,TILLAMOOK,US,PU,PU,01/19,45.41514772,-123.81634038,45.42200919,-123.81055866,2911,75,ASPH,GOOD,NONE,,,,,,MED,3RD PARTY SURVEY,2010/05/11,40,46,67,,41139.78125,2593.6163777332
5962,2025/11/27,19616.,A,OR,TMK,TILLAMOOK,TILLAMOOK,US,PU,PU,13/31,45.4242955,-123.81892366,45.41179872,-123.81093083,5001,75,ASPH,GOOD,NONE,,,,,,MED,FAA,2015/02/19,60,75,125,,70670.0390625,4409.94206148236
5963,2025/11/27,19620.3,A,OR,5S4,TOLEDO STATE,TOLEDO,US,PU,PU,13/31,44.60318938,-123.94105716,44.59885008,-123.938181,1750,40,ASPH,FAIR,NONE,,,,,,,,,,,,,12832.3828125,1534.57513192853
5964,2025/11/27,19631.,A,OR,05S,VERNONIA MUNI,VERNONIA,US,PU,PU,09/27,45.85385969,-123.24806916,45.85035277,-123.23766944,2940,45,TURF,GOOD,NONE,,,,,,,,,,,,,25352.3828125,2611.88989647211
5965,2025/11/27,19635.,A,OR,35S,WASCO STATE,WASCO,US,PU,PU,07/25,45.58924166,-120.68071944,45.58916666,-120.66725,3450,60,ASPH,FAIR,NONE,,,,,,MED,,,12.5,,,,39247.890625,3051.26676690047
7574,2025/11/27,26098.1,A,WA,74S,ANACORTES,ANACORTES,US,PU,PU,18/36,48.5024003,-122.66033555,48.49462838,-122.66460011,3018,60,ASPH,GOOD,GRVD,,,,,,MED,3RD PARTY SURVEY,2020/12/29,12.5,,,,38283.0703125,2833.64007596249
7575,2025/11/27,26098.6,A,WA,D69,ROGERSBURG,ANATONE,US,PU,PU,09/27,46.07488055,-116.96756388,46.07338611,-116.96218055,1471,50,TURF,GOOD,NONE,,,,,,,,,,,,,14194.8515625,1334.92265214976
7576,2025/11/27,26099.,A,WA,AWO,ARLINGTON MUNI,ARLINGTON,US,PU,PU,11/29,48.16167722,-122.16878886,48.15588188,-122.157372,3498,75,ASPH,EXCELLENT,NONE,,,,,,,3RD PARTY SURVEY,2006/05/02,32,34,59,,54731.875,3262.63172956051
7577,2025/11/27,26099.,A,WA,AWO,ARLINGTON MUNI,ARLINGTON,US,PU,PU,16/34,48.16934525,-122.15652688,48.15473177,-122.15618258,5332,100,ASPH,EXCELLENT,NONE,,,,,,MED,3RD PARTY SURVEY,2006/05/02,114,150,270,,111250.109375,4969.48779256488
7578,2025/11/27,26103.11,A,WA,S50,AUBURN MUNI,AUBURN,US,PU,PU,17/35,47.33289088,-122.22671191,47.32235883,-122.22659827,3842,75,ASPH,GOOD,NONE,,,,,,MED,3RD PARTY SURVEY,2022/05/10,12.5,,,,58233.875,3526.89024069899
7579,2025/11/27,26104.,A,WA,4W0,BANDERA STATE,BANDERA,US,PU,PU,08/26,47.39603777,-121.54110138,47.3947,-121.5318425,2344,100,TURF,FAIR,NONE,,,,,,,STATE,2003/03/03,,,,,47507.640625,2197.97457208907
7581,2025/11/27,26104.1,A,WA,W52,GOHEEN,BATTLE GROUND,US,PR,PU,15/33,45.83089194,-122.57869722,45.82410555,-122.57605083,2565,50,TURF,GOOD,NONE,,,,,,LOW,,,,,,,24534.09375,2290.59778162603
7583,2025/11/27,26109.,A,WA,BLI,BELLINGHAM INTL,BELLINGHAM,US,PU,PU,16/34,48.80187302,-122.53755669,48.78350941,-122.53748011,6700,150,ASPH,GOOD,GRVD,,,,,,HIGH,3RD PARTY SURVEY,2016/10/17,75,160,250,,214944.2578125,6344.61164949709
7584,2025/11/27,26110.11,C,WA,0W7,FLOATHAVEN,BELLINGHAM,US,PR,PU,12W/30W,48.74387936,-122.35655922,48.72734852,-122.323494,10000,4000,WATER,,NONE,,,,,,,OWNER,2010/07/09,,,,,8537929.0625,12934.6447847623
7588,2025/11/27,26120.,A,WA,PWT,BREMERTON NTL,BREMERTON,US,PU,PU,02/20,47.48332719,-122.77138047,47.49715747,-122.75824616,6000,150,ASPH,GOOD,GRVD,,,,,,HIGH,3RD PARTY SURVEY,2016/07/29,66,150,336,,183006.234375,5549.64351489735
7589,2025/11/27,26123.1,A,WA,S97,ANDERSON FLD,BREWSTER,US,PU,PU,07/25,48.10446833,-119.72808766,48.10498841,-119.71174352,4000,60,ASPH,GOOD,NONE,,,,,,MED,3RD PARTY SURVEY,2017/12/12,15,,,,49941.0625,3697.80762901261
7590,2025/11/27,26125.1,A,WA,BVS,SKAGIT RGNL,BURLINGTON/MOUNT VERNON,US,PU,PU,04/22,48.46303116,-122.42655908,48.4675753,-122.41625505,3000,60,ASPH,POOR,NONE,,,,,,LOW,3RD PARTY SURVEY,2018/12/01,12.5,,,,38000.984375,2810.31092668703
7591,2025/11/27,26125.1,A,WA,BVS,SKAGIT RGNL,BURLINGTON/MOUNT VERNON,US,PU,PU,11/29,48.47784622,-122.43092966,48.46892402,-122.41275955,5480,100,ASPH,EXCELLENT,NONE,,,,,,MED,3RD PARTY SURVEY,2018/12/01,60,75,125,,115726.8203125,5126.10512100991
7592,2025/11/27,26130.,A,WA,1W1,GROVE FLD,CAMAS,US,PU,PU,07/25,45.62787194,-122.40960694,45.62778694,-122.39901583,2710,40,ASPH,GOOD,NONE,,,,,,MED,STATE,2003/06/02,,,,,20588.6328125,2393.07254501615
7594,2025/11/27,26135.,A,WA,8S2,CASHMERE-DRYDEN,CASHMERE,US,PU,PU,07/25,47.51473727,-120.48829772,47.51475188,-120.48101341,1800,50,ASPH,FAIR,NONE,,,,,,MED,OWNER,2012/03/15,8,,,,18320.1015625,1666.96354773922
7598,2025/11/27,26144.,A,WA,CLS,CHEHALIS-CENTRALIA,CHEHALIS,US,PU,PU,16/34,46.68387875,-122.98313063,46.67017994,-122.98236297,5000,140,CONC,GOOD,NONE,,,,,,MED,3RD PARTY SURVEY,2009/06/18,30,30,85,,138090.1796875,4572.64226791183
7599,2025/11/27,26147.,A,WA,S10,LAKE CHELAN,CHELAN,US,PU,PU,02/20,47.86255447,-119.9476485,47.86946166,-119.93772055,3506,60,ASPH,EXCELLENT,NONE,,,,,,MED,3RD PARTY SURVEY,2017/12/14,12,,,,43386.671875,3238.86167445765
7601,2025/11/27,26150.,A,WA,1S9,CHEWELAH MUNI,CHEWELAH,US,PU,PU,17/35,48.31873583,-117.74219638,48.30918055,-117.74465555,3537,48,ASPH,EXCELLENT,NONE,,,,,,MED,,,,,,,35633.6953125,3289.26815683968
7602,2025/11/27,26159.,A,WA,S93,CLE ELUM MUNI,CLE ELUM,US,PU,PU,07/25,47.19411241,-120.88881544,47.19437305,-120.87925533,2379,60,ASPH,GOOD,NONE,,,,,,MED,STATE,2016/03/10,,,,,28702.1171875,2184.06215291042
7603,2025/11/27,26159.1,A,WA,2W1,DE VERE FLD,CLE ELUM,US,PR,PU,08/26,47.17800361,-120.85674555,47.17715861,-120.84857583,2055,30,ASPH,POOR,NONE,,,,,,,STATE,2002/08/13,,,,,12390.4140625,1866.7733226541
7604,2025/11/27,26162.,A,WA,S94,PORT OF WHITMAN BUSINESS AIR CENTER,COLFAX,US,PU,PU,08/26,46.85874638,-117.42049361,46.85866777,-117.40766861,3209,60,ASPH,EXCELLENT,NONE,,,,,,MED,STATE,2002/05/06,17,,,,38236.1875,2909.0220354823
7605,2025/11/27,26162.1,A,WA,00W,LOWER GRANITE STATE,COLFAX,US,PU,PU,14/32,46.67680355,-117.44497655,46.66867433,-117.43834013,3400,50,GRAVEL,FAIR,NONE,,,,,,,,,,,,,33540.484375,3067.69012184715
7606,2025/11/27,26163.,A,WA,S95,MARTIN FLD,COLLEGE PLACE,US,PR,PU,05/23,46.04474555,-118.42400555,46.0491325,-118.41034916,3819,60,ASPH,POOR,NONE,,,,,,NSTD,,,12,,,,44179.96875,3403.05592994664
7607,2025/11/27,26165.,A,WA,63S,COLVILLE MUNI,COLVILLE,US,PU,PU,01/19,48.54122908,-117.88685758,48.54709372,-117.88012202,2691,40,ASPH,FAIR,NONE,,,,,,MED,,,11,,,,22795.125,2514.3957249214
7608,2025/11/27,26167.,A,WA,3W5,MEARS FLD,CONCRETE,US,PU,PU,07/25,48.52987972,-121.76361888,48.52979694,-121.75285111,2609,60,ASPH,FAIR,NONE,,,,,,,FAA-EST,2006/06/03,12,,,,33139.671875,2452.77751296504
7610,2025/11/27,26170.,A,WA,S16,COPALIS STATE,COPALIS,US,PU,PU,14/32,47.1495,-124.19146666,47.14021944,-124.18703611,3560,150,SAND,FAIR,NONE,,,,,,,,,,,,,107191.328125,3328.26681038985
7611,2025/11/27,26180.,A,WA,1S2,DARRINGTON MUNI,DARRINGTON,US,PU,PU,10/28,48.25981638,-121.61498888,48.25740861,-121.60541861,2491,40,ASPH,GOOD,NONE,,,,,,MED,,,,,,,20871.5859375,2314.4279710699
7612,2025/11/27,26181.,A,WA,68S,DAVENPORT,DAVENPORT,US,PU,PU,06/24,47.65078138,-118.18010888,47.65333886,-118.16743677,3260,60,ASPH,EXCELLENT,NONE,,,,,,MED,3RD PARTY SURVEY,2021/10/12,,,,,40017.7890625,2999.55487269631
7616,2025/11/27,26184.,A,WA,DEW,DEER PARK,DEER PARK,US,PU,PU,05/23,47.96208322,-117.4293975,47.96630133,-117.41794661,3200,60,ASPH,GOOD,NONE,17,F,C,W,T,,3RD PARTY SURVEY,2021/02/26,12.5,,,,39754.109375,2964.38509622602
7617,2025/11/27,26184.,A,WA,DEW,DEER PARK,DEER PARK,US,PU,PU,16/34,47.97691725,-117.43120633,47.96019458,-117.43112305,6101,75,ASPH,GOOD,NONE,,,,,,MED,3RD PARTY SURVEY,2021/02/26,30,50,,,94754.9609375,5628.91519536048
7619,2025/11/27,26189.,A,WA,ESW,EASTON STATE,EASTON,US,PU,PU,09/27,47.25590777,-121.19020472,47.25246,-121.18085861,2640,100,TURF,GOOD,NONE,,,,,,LOW,,,,,,,53206.609375,2458.1441024119
7620,2025/11/27,26190.,A,WA,ORS,ORCAS ISLAND,EASTSOUND,US,PU,PU,16/34,48.71231216,-122.91057463,48.70436233,-122.91061616,2901,60,ASPH,GOOD,AFSC,,,,,,MED,3RD PARTY SURVEY,2017/11/10,12.5,,,,37096.2265625,2737.50596993125
7622,2025/11/27,26191.1,A,WA,2W3,SWANSON FLD,EATONVILLE,US,PU,PU,16/34,46.87574472,-122.25672213,46.86757272,-122.25771044,2990,36,ASPH,GOOD,NONE,,,,,,MED,,,,,,,21393.46875,2702.49570401644
7623,2025/11/27,26193.1,A,WA,3W7,GRAND COULEE DAM,ELECTRIC CITY,US,PU,PU,04/22,47.91844613,-119.08969869,47.92564691,-119.07632288,4203,75,ASPH,GOOD,NONE,,,,,,MED,3RD PARTY SURVEY,2016/09/07,26,,,,65151.7734375,3888.09532675701
7624,2025/11/27,26195.,A,WA,ELN,BOWERS FLD,ELLENSBURG,US,PU,PU,11/29,47.038863,-120.53516772,47.03082797,-120.52255052,4300,150,CONC,GOOD,NONE,,,,,,MED,3RD PARTY SURVEY,2016/05/04,35,57,100,,128933.2265625,3978.66051831307
7625,2025/11/27,26204.,A,WA,EPH,EPHRATA MUNI,EPHRATA,US,PU,PU,03/21,47.30586388,-119.52190277,47.31694166,-119.50686388,5500,75,ASPH,GOOD,NONE,,,,,,MED,OWNER,2008/12/05,30,60,,,83313.71875,5011.3839226662
7626,2025/11/27,26204.,A,WA,EPH,EPHRATA MUNI,EPHRATA,US,PU,PU,04/22,47.30668055,-119.52461944,47.31368333,-119.51516944,3467,150,ASPH,FAIR,NONE,,,,,,,ADO,2007/11/05,12,,,,105040.0234375,3251.53960602057
7627,2025/11/27,26204.,A,WA,EPH,EPHRATA MUNI,EPHRATA,US,PU,PU,11/29,47.30462216,-119.52397133,47.29817875,-119.51172,3843,60,ASPH,GOOD,NONE,,,,,,MED,,,12,,,,46549.671875,3505.74347723734
7628,2025/11/27,26210.,A,WA,PAE,SEATTLE PAINE FLD INTL,EVERETT,US,PU,PU,16L/34R,47.90642472,-122.27169266,47.89819161,-122.2716013,3004,75,ASPH,GOOD,NONE,4,F,B,Y,T,MED,3RD PARTY SURVEY,2020/10/21,12.5,,,,46532.703125,2802.36706235552
7629,2025/11/27,26210.,A,WA,PAE,SEATTLE PAINE FLD INTL,EVERETT,US,PU,PU,16R/34L,47.92133577,-122.28585088,47.89664,-122.28530322,9010,150,ASPH-CONC,GOOD,GRVD,,,,,,HIGH,3RD PARTY SURVEY,2020/10/21,114,189,320,770,279251.484375,8339.60192004214
7632,2025/11/27,26219.4,A,WA,FHR,FRIDAY HARBOR,FRIDAY HARBOR,US,PU,PU,16/34,48.52662208,-123.02473136,48.51731,-123.02400886,3402,75,ASPH,GOOD,GRVD,,,,,,MED,NGS,2003/08/29,12.5,,,,53988.4453125,3203.22654991245
7636,2025/11/27,26222.1,A,WA,S20,GOLDENDALE,GOLDENDALE,US,PU,PU,07/25,45.83198416,-120.85212055,45.83216333,-120.83842888,3491,40,ASPH,GOOD,NONE,,,,,,MED,,,4,,,,26715.4375,3083.88717204741
7639,2025/11/27,26230.,A,WA,21W,RANGER CREEK,GREENWATER,US,PU,PU,15/33,47.01694047,-121.53521463,47.00934813,-121.53210594,2875,30,ASPH,FAIR,NONE,,,,,,,,,,,,,17232.421875,2600.71474419538
7641,2025/11/27,26236.,A,WA,HQM,BOWERMAN FLD,HOQUIAM,US,PU,PU,06/24,46.96998666,-123.94642025,46.97240563,-123.92670725,5000,150,ASPH,GOOD,NONE,,,,,,HIGH,NGS,2001/05/29,30,40,80,,149576.859375,4593.45394700366
7642,2025/11/27,26240.,A,WA,7W1,PORT OF ILWACO,ILWACO,US,PU,PU,10/28,46.31632777,-124.00741083,46.31349722,-124.00026555,2080,50,ASPH,GOOD,NONE,,,,,,,,,5,,,,20245.75,1878.05627935168
7643,2025/11/27,26240.5,A,WA,S23,IONE MUNI,IONE,US,PU,PU,15/33,48.71330833,-117.41479166,48.70356944,-117.41146944,3643,45,ASPH,GOOD,NONE,,,,,,MED,STATE,2015/04/01,,,,,34941.2109375,3409.50037122498
7644,2025/11/27,26243.5,A,WA,W09,LOWER MONUMENTAL STATE,KAHLOTUS,US,PU,PU,01/19,46.54576944,-118.53988611,46.553675,-118.53350555,3300,50,GRAVEL,FAIR,NONE,,,,,,,,,,,,,32399.4609375,2971.38117583818
7645,2025/11/27,26246.,A,WA,KLS,SOUTHWEST WASHINGTON RGNL,KELSO,US,PU,PU,12/30,46.1226463,-122.90389538,46.11337547,-122.892848,4391,100,ASPH,GOOD,NONE,,,,,,MED,3RD PARTY SURVEY,2017/08/26,38,46,74,,84875.6953125,3950.03601140046
7646,2025/11/27,26248.,C,WA,S60,KENMORE AIR HARBOR,KENMORE,US,PR,PU,01W/19W,47.72988888,-122.27619444,47.75481944,-122.25916666,10000,250,WATER,,NONE,,,,,,,3RD PARTY SURVEY,2024/04/04,,,,,513944.375,9309.29403438827
7647,2025/11/27,26248.,C,WA,S60,KENMORE AIR HARBOR,KENMORE,US,PR,PU,03W/21W,47.73738611,-122.28284444,47.75081944,-122.26403888,6740,150,WATER,,NONE,,,,,,,3RD PARTY SURVEY,2024/02/29,,,,,207570.34375,6244.21693319922
7648,2025/11/27,26248.,C,WA,S60,KENMORE AIR HARBOR,KENMORE,US,PR,PU,04W/22W,47.75006388,-122.26923888,47.75481944,-122.25929444,3000,250,WATER,,NONE,,,,,,,3RD PARTY SURVEY,2024/04/04,,,,,153992.9296875,2943.65955921018
7649,2025/11/27,26252.1,A,WA,S36,NORMAN GRIER FLD,COVINGTON,US,PR,PU,15/33,47.3415475,-122.10457472,47.33264583,-122.10249805,3288,40,ASPH,GOOD,NONE,,,,,,LOW,STATE,2002/04/24,12,,,,26587.0234375,2996.70104774941
7651,2025/11/27,26266.2,A,WA,W10,WHIDBEY AIR PARK,LANGLEY,US,PR,PU,16/34,48.02099083,-122.43823472,48.01425416,-122.43722055,2470,25,ASPH,GOOD,NONE,,,,,,,,,,,,,12812.90625,2276.33192573174
7652,2025/11/27,26267.4,A,WA,69S,AVEY FLD,LAURIER,US,PR,PU,17/35,49.00107611,-118.2222525,48.99568305,-118.22294472,1975,40,GRAVEL,GOOD,NONE,,,,,,,,,,,,,17032.5703125,1873.69294428916
7653,2025/11/27,26269.1,A,WA,27W,LAKE WENATCHEE STATE,LEAVENWORTH,US,PU,PU,09/27,47.82054166,-120.72464083,47.81828555,-120.7151475,2473,100,TURF,FAIR,NONE,,,,,,,STATE,2005/07/26,,,,,50930.6171875,2332.92420571813
7654,2025/11/27,26273.,A,WA,0S0,LIND,LIND,US,PU,PU,05/23,46.97490138,-118.59297305,46.97878222,-118.58148888,3197,50,ASPH,GOOD,NONE,,,,,,HIGH,,,,,,,31888.78125,2897.94992815089
7655,2025/11/27,26274.7,A,WA,S31,LOPEZ ISLAND,LOPEZ,US,PU,PU,16/34,48.48789372,-122.93770083,48.47993202,-122.93766025,2905,61,ASPH,GOOD,GRVD,,,,,,MED,3RD PARTY SURVEY,2016/01/21,12.5,,,,37437.2109375,2730.27758399069
7656,2025/11/27,26275.,A,WA,38W,LYNDEN MUNI/JANSEN FLD,LYNDEN,US,PU,PU,08/26,48.95601638,-122.46316166,48.95577555,-122.453075,2425,40,ASPH,GOOD,NONE,,,,,,NSTD,STATE,2002/08/15,12,,,,20882.6328125,2284.33891676704
7657,2025/11/27,26282.,A,WA,8W3,MANSFIELD,MANSFIELD,US,PU,PU,03/21,47.807235,-119.64108361,47.81153638,-119.632775,2575,46,ASPH,POOR,NONE,,,,,,LOW,,,,,,,24381.671875,2377.37578014965
7658,2025/11/27,26290.9,A,WA,M94,DESERT AIRE RGNL,MATTAWA,US,PR,PU,10/28,46.68943722,-119.9263,46.68506472,-119.91315277,3665,60,ASPH,EXCELLENT,NONE,,,,,,MED,STATE,2002/05/22,,,,,43395.828125,3306.31960532665
7659,2025/11/27,26293.,A,WA,70S,MEAD FLYING SERVICE,MEAD,US,PR,PU,16/34,47.79058722,-117.35821666,47.78378611,-117.35814888,2481,30,ASPH,FAIR,NONE,,,,,,,,,,,,,15307.6015625,2280.86313707176
7660,2025/11/27,26300.,A,WA,09S,SULLIVAN LAKE STATE,METALINE FALLS,US,PU,PU,16/34,48.84331361,-117.28398583,48.83847694,-117.28398611,1765,100,TURF,GOOD,NONE,,,,,,,STATE,2003/04/08,,,,,37814.2109375,1728.59020125821
7661,2025/11/27,26304.21,A,WA,W16,FIRST AIR FLD,MONROE,US,PR,PU,07/25,47.87145861,-121.99949388,47.87126833,-121.99099388,2087,34,ASPH,POOR,NONE,,,,,,NSTD,STATE,2005/07/26,,,,,14643.6484375,1924.4197099531
7662,2025/11/27,26304.8,A,WA,39P,STROM FLD,MORTON,US,PU,PU,07/25,46.55037138,-122.27022277,46.55035,-122.26302888,1810,40,ASPH,FAILED,NONE,,,,,,MED,,,,,,,14217.296875,1637.16178268938
7663,2025/11/27,26305.,A,WA,W20,MOSES LAKE MUNI,MOSES LAKE,US,PU,PU,16/34,47.14544888,-119.23784388,47.13855944,-119.23791972,2513,50,ASPH,GOOD,NONE,,,,,,MED,STATE,2002/05/02,8,,,,25218.5078125,2299.85848259962
7664,2025/11/27,26307.,A,WA,MWH,GRANT COUNTY INTL,MOSES LAKE,US,PU,PU,04/22,47.19673191,-119.33292569,47.21277327,-119.30030505,10000,100,CONC,GOOD,GRVD,,,,,,MED,3RD PARTY SURVEY,2006/05/13,75,100,175,475,201164.015625,9055.27827642024
7665,2025/11/27,26307.,A,WA,MWH,GRANT COUNTY INTL,MOSES LAKE,US,PU,PU,09/27,47.21766644,-119.31688058,47.2146733,-119.30350108,3500,90,CONC,GOOD,GRVD,,,,,,NSTD,3RD PARTY SURVEY,2006/05/13,100,150,270,475,63393.6640625,3217.05830496886
7666,2025/11/27,26307.,A,WA,MWH,GRANT COUNTY INTL,MOSES LAKE,US,PU,PU,14L/32R,47.22565758,-119.3265085,47.19042641,-119.30983933,13503,200,CONC,GOOD,GRVD,,,,,,HIGH,3RD PARTY SURVEY,2006/05/13,85,155,320,600,543329.4609375,12307.2520712785
7667,2025/11/27,26307.,A,WA,MWH,GRANT COUNTY INTL,MOSES LAKE,US,PU,PU,14R/32L,47.2240248,-119.33012436,47.21636397,-119.32649644,2936,75,CONC,GOOD,NONE,,,,,,,3RD PARTY SURVEY,2006/05/13,100,200,400,400,44327.125,2705.16783064369
7668,2025/11/27,26307.,A,WA,MWH,GRANT COUNTY INTL,MOSES LAKE,US,PU,PU,18/36,47.20827952,-119.32984572,47.19961238,-119.33401427,3327,75,ASPH,GOOD,NONE,,,,,,MED,3RD PARTY SURVEY,2006/05/13,75,170,300,400,50195.0390625,3055.23512491182
7670,2025/11/27,26322.11,A,WA,OKH,DELAURENTIS,OAK HARBOR,US,PR,PU,07/25,48.25154369,-122.68037386,48.25150375,-122.66697405,3265,60,ASPH,EXCELLENT,NONE,,,,,,LOW,3RD PARTY SURVEY,2006/04/03,5,,,,41014.9140625,3038.34163354966
7673,2025/11/27,26323.21,A,WA,W04,OCEAN SHORES MUNI,OCEAN SHORES,US,PU,PU,15/33,47.00340277,-124.14347777,46.99503716,-124.14128722,3100,50,ASPH,GOOD,NONE,,,,,,MED,REGION,2009/11/08,12.5,,,,30942.578125,2818.74342088244
7674,2025/11/27,26323.4,A,WA,43D,ODESSA MUNI,ODESSA,US,PU,PU,02/20,47.34430911,-118.68131875,47.35082777,-118.67314652,3124,58,ASPH,GOOD,NONE,,,,,,MED,,,5,,,,36645.8125,2862.59660390613
7676,2025/11/27,26324.,A,WA,S35,OKANOGAN LEGION,OKANOGAN,US,PU,PU,04/22,48.36011722,-119.57202694,48.36369111,-119.5630925,2533,36,ASPH,EXCELLENT,NONE,,,,,,MED,,,6,,,,19178.234375,2354.86840730198
7678,2025/11/27,26327.,A,WA,OLM,OLYMPIA RGNL,OLYMPIA,US,PU,PU,08/26,46.97132333,-122.9079825,46.96862888,-122.89180416,4157,150,ASPH,GOOD,NONE,,,,,,,,,30,,,,124352.7578125,3841.81605659953
7679,2025/11/27,26327.,A,WA,OLM,OLYMPIA RGNL,OLYMPIA,US,PU,PU,17/35,46.97636666,-122.90238888,46.96157777,-122.90670833,5500,150,ASPH,GOOD,GRVD,,,,,,HIGH,OWNER,2005/11/21,75,94,142,,164541.9140625,5053.72328205133
7680,2025/11/27,26328.1,A,WA,44T,HOSKINS FLD,OLYMPIA,US,PR,PU,07/25,46.99245116,-122.83187919,46.99235008,-122.82380436,2015,116,TURF,EXCELLENT,NONE,,,,,,,,,,,,,46664.5078125,1901.88468398771
7681,2025/11/27,26330.,A,WA,OMK,OMAK,OMAK,US,PU,PU,17/35,48.47072727,-119.51652677,48.45809716,-119.51957577,4667,75,ASPH,GOOD,GRVD,,,,,,MED,3RD PARTY SURVEY,2022/07/07,75,200,400,,73897.0703125,4363.52843493653
7683,2025/11/27,26333.,A,WA,0S7,DOROTHY SCOTT INTL,OROVILLE,US,PU,PU,15/33,48.964315,-119.41392005,48.95361341,-119.41000213,4017,50,ASPH,FAIR,NONE,,,,,,MED,,,5,,,,43235.6484375,3778.39223777755
7684,2025/11/27,26333.02,C,WA,1WA,SCOTT,OROVILLE,US,PU,PU,15W/33W,48.98527777,-119.44527777,48.95901163,-119.43338847,10000,500,WATER,,NONE,,,,,,,ADO,2024/12/04,,,,,1077027.8515625,9757.14350773813
7685,2025/11/27,26336.2,A,WA,S70,OTHELLO MUNI,OTHELLO,US,PU,PU,07/25,46.79433966,-119.08809113,46.79409477,-119.07212661,4000,75,ASPH,EXCELLENT,NONE,,,,,,MED,OWNER,2022/06/16,16,,,,59437.2734375,3622.08984999977
7686,2025/11/27,26341.,A,WA,55S,PACKWOOD,PACKWOOD,US,PU,PU,01/19,46.60099575,-121.68042313,46.60665888,-121.6759105,2357,60,ASPH,EXCELLENT,NONE,,,,,,MED,,,,,,,27816.6640625,2145.36913419436
7687,2025/11/27,26345.,A,WA,PSC,TRI-CITIES,PASCO,US,PU,PU,03L/21R,46.25595713,-119.13349163,46.27070894,-119.11167352,7707,150,ASPH,GOOD,GRVD,,,,,,HIGH,3RD PARTY SURVEY,2019/03/19,150,200,400,,224641.8046875,6926.69344840975
7688,2025/11/27,26345.,A,WA,PSC,TRI-CITIES,PASCO,US,PU,PU,03R/21L,46.26065447,-119.12201875,46.26911866,-119.10949547,4423,75,ASPH,FAIR,NONE,13,F,B,X,T,,3RD PARTY SURVEY,2019/03/19,52,85,108,150,64461.7109375,3965.38727147927
7689,2025/11/27,26345.,A,WA,PSC,TRI-CITIES,PASCO,US,PU,PU,12/30,46.27416241,-119.12893572,46.25903411,-119.10767861,7704,150,ASPH,GOOD,GRVD,,,,,,MED,3RD PARTY SURVEY,2024/05/01,150,200,400,,224567.8046875,6924.60570356788
7690,2025/11/27,26354.,A,WA,1RL,POINT ROBERTS AIRPARK,POINT ROBERTS,US,PR,PU,16/34,48.98024063,-123.07925677,48.97403125,-123.07921344,2265,125,TURF,GOOD,NONE,,,,,,,OWNER,2002/06/19,,,,,61015.078125,2222.1330215896
7691,2025/11/27,26357.,A,WA,CLM,WILLIAM R FAIRCHILD INTL,PORT ANGELES,US,PU,PU,09/27,48.12103652,-123.51151402,48.11665647,-123.48636711,6347,150,ASPH,EXCELLENT,GRVD,,,,,,MED,3RD PARTY SURVEY,2015/12/22,120,210,394,832,198320.4296875,5923.20503073211
7692,2025/11/27,26357.,A,WA,CLM,WILLIAM R FAIRCHILD INTL,PORT ANGELES,US,PU,PU,13/31,48.12656761,-123.50475836,48.11903769,-123.49760916,3255,50,ASPH,FAIR,NONE,,,,,,,3RD PARTY SURVEY,2015/12/22,30,,,,33906.953125,3018.93531094546
7694,2025/11/27,26363.,A,WA,0S9,JEFFERSON COUNTY INTL,PORT TOWNSEND,US,PU,PU,09/27,48.05477422,-122.81659036,48.0528343,-122.80467052,3000,75,ASPH,EXCELLENT,NONE,,,,,,MED,3RD PARTY SURVEY,2011/12/28,12.5,,,,46751.34375,2799.81494695048
7695,2025/11/27,26365.,C,WA,83Q,PORT OF POULSBO MARINA MOORAGE,POULSBO,US,PU,PU,13W/31W,47.73416666,-122.65611111,47.71416666,-122.63444444,9037,1200,WATER,,NONE,,,,,,,OWNER,2022/10/20,,,,,2224935.8515625,9277.08744574186
7697,2025/11/27,26369.,A,WA,S40,PROSSER,PROSSER,US,PU,PU,08/26,46.21339038,-119.80237844,46.21335305,-119.78874552,3452,61,ASPH,EXCELLENT,NONE,,,,,,MED,3RD PARTY SURVEY,2016/01/19,16,,,,40837.5859375,3089.06088352482
7698,2025/11/27,26372.,A,WA,PUW,PULLMAN/MOSCOW RGNL,PULLMAN/MOSCOW,US,PU,PU,05/23,46.73751097,-117.1244048,46.74587091,-117.09883419,7100,150,ASPH,GOOD,GRVD,,,,,,HIGH,3RD PARTY SURVEY,2019/10/01,120,168,227,658,210581.828125,6441.24221171256
7699,2025/11/27,26374.1,A,WA,PLU,PIERCE COUNTY/THUN FLD,PUYALLUP,US,PU,PU,17/35,47.10892422,-122.28712102,47.09891827,-122.28727788,3651,60,ASPH,GOOD,NONE,,,,,,MED,3RD PARTY SURVEY,2019/08/21,,,,,43890.0234375,3326.64741440832
7700,2025/11/27,26376.5,A,WA,UIL,QUILLAYUTE,QUILLAYUTE,US,PU,PU,04/22,47.93355186,-124.56992622,47.93960838,-124.55530461,4211,100,CONC,GOOD,NONE,,,,,,,3RD PARTY SURVEY,2021/10/19,30,50,,,87092.5859375,3918.32269558755
7701,2025/11/27,26376.83,A,WA,80T,QUINCY MUNI,QUINCY,US,PU,PU,09/27,47.21299822,-119.8469028,47.21020177,-119.83276033,3660,50,ASPH,GOOD,AFSC,,,,,,MED,NGS,1997/08/15,,,,,36825.1796875,3324.26779352742
7702,2025/11/27,26381.,A,WA,RNT,RENTON MUNI,RENTON,US,PU,PU,16/34,47.50047422,-122.21685294,47.48579525,-122.21463127,5382,200,ASPH-CONC,GOOD,GRVD,,,,,,MED,3RD PARTY SURVEY,2015/04/20,100,130,340,,218934.3671875,5042.12760218364
7703,2025/11/27,26384.12,A,WA,R49,FERRY COUNTY,REPUBLIC,US,PU,PU,17/35,48.72296527,-118.65560944,48.71344611,-118.65733333,3498,60,ASPH,GOOD,NONE,,,,,,MED,STATE,2002/06/12,,,,,44754.2890625,3290.45252116592
7704,2025/11/27,26386.1,A,WA,RLD,RICHLAND,RICHLAND,US,PU,PU,01/19,46.29996136,-119.30844797,46.30987502,-119.30159783,4009,75,ASPH,GOOD,NONE,,,,,,MED,3RD PARTY SURVEY,2020/02/27,30,45,70,,58509.140625,3606.43714241347
7705,2025/11/27,26386.1,A,WA,RLD,RICHLAND,RICHLAND,US,PU,PU,08/26,46.30688163,-119.31123386,46.30584183,-119.29547455,4001,100,ASPH,GOOD,NONE,,,,,,MED,3RD PARTY SURVEY,2020/02/27,30,45,70,,77868.734375,3612.97614382082
7706,2025/11/27,26386.6,A,WA,4S6,TIETON STATE,RIMROCK,US,PU,PU,02/20,46.63501916,-121.12735888,46.64008333,-121.12059861,2509,100,TURF,FAIR,NONE,,,,,,,,,,,,,49425.984375,2316.26685861818
7707,2025/11/27,26388.,A,WA,33S,PRU FLD,RITZVILLE,US,PU,PU,01/19,47.11929166,-118.39254722,47.12761666,-118.38610833,3433,40,ASPH,GOOD,NONE,,,,,,MED,ADO,2010/02/28,12.5,,,,27547.1328125,3113.9874280574
7708,2025/11/27,26389.1,A,WA,72S,ROSALIA MUNI,ROSALIA,US,PU,PU,02/20,47.23357097,-117.42492113,47.23956458,-117.41783555,2807,45,ASPH,GOOD,NONE,,,,,,MED,ADO,2010/07/27,15.5,,,,25439.9140625,2560.52584561667
7710,2025/11/27,26395.,A,WA,SEA,SEATTLE-TACOMA INTL,SEATTLE,US,PU,PU,16C/34C,47.46380986,-122.31098375,47.43797127,-122.31120983,9426,150,CONC,EXCELLENT,GRVD,,,,,,HIGH,3RD PARTY SURVEY,2015/07/29,120,250,550,1111,287068.8984375,8642.2109975008
7711,2025/11/27,26395.,A,WA,SEA,SEATTLE-TACOMA INTL,SEATTLE,US,PU,PU,16L/34R,47.46379522,-122.30775022,47.43117227,-122.30803825,11901,150,CONC,EXCELLENT,GRVD,,,,,,HIGH,3RD PARTY SURVEY,2015/07/29,120,250,550,1120,362396.6484375,10875.2286767241
7712,2025/11/27,26395.,A,WA,SEA,SEATTLE-TACOMA INTL,SEATTLE,US,PU,PU,16R/34L,47.46383636,-122.31785683,47.4405338,-122.31805805,8500,150,CONC,EXCELLENT,GRVD,,,,,,HIGH,3RD PARTY SURVEY,2015/07/29,120,250,482,1007,258905.9765625,7807.42342305496
7713,2025/11/27,26396.,A,WA,BFI,BOEING FLD/KING COUNTY INTL,SEATTLE,US,PU,PU,14L/32R,47.53801825,-122.30746025,47.52919352,-122.30000055,3709,100,ASPH,FAIR,GRVD,,,,,,MED,3RD PARTY SURVEY,2016/02/02,120,250,550,1109,75550.9140625,3440.80534534053
7714,2025/11/27,26396.,A,WA,BFI,BOEING FLD/KING COUNTY INTL,SEATTLE,US,PU,PU,14R/32L,47.54054283,-122.31135427,47.51673663,-122.29122772,10007,200,ASPH,GOOD,GRVD,,,,,,HIGH,3RD PARTY SURVEY,2016/02/02,100,200,500,800,407569.6796875,9218.86925611659
7715,2025/11/27,26401.,A,WA,11S,SEKIU,SEKIU,US,PU,PU,08/26,48.26686111,-124.32001611,48.26537166,-124.30791361,2997,50,ASPH,POOR,NONE,,,,,,LOW,STATE,2002/07/10,,,,,31398.734375,2785.98657859998
7719,2025/11/27,26402.1,A,WA,W28,SEQUIM VALLEY,SEQUIM,US,PR,PU,09/27,48.09934444,-123.19477777,48.0965,-123.18106388,3508,40,ASPH,EXCELLENT,NONE,,,,,,LOW,,,,,,,29207.8515625,3233.64338545828
7720,2025/11/27,26405.,A,WA,SHN,SANDERSON FLD,SHELTON,US,PU,PU,05/23,47.23097841,-123.15687602,47.23613969,-123.13820925,5005,100,ASPH,GOOD,NONE,17,F,A,Y,T,MED,3RD PARTY SURVEY,2010/02/04,55,72,130,,100801.1953125,4577.15483936607
7721,2025/11/27,26408.,A,WA,8W5,APEX AIRPARK,SILVERDALE,US,PR,PU,17/35,47.65981666,-122.73251388,47.65304722,-122.73384444,2491,28,ASPH,FAIR,NONE,,,,,,LOW,,,,,,,14273.390625,2282.3466985354
7722,2025/11/27,26411.,A,WA,S43,HARVEY FLD,SNOHOMISH,US,PR,PU,15L/33R,47.90833066,-122.10365994,47.90125377,-122.10085063,2672,36,ASPH,EXCELLENT,NONE,,,,,,LOW,3RD PARTY SURVEY,2016/06/30,10,,,,19872.46875,2464.83203268975
7723,2025/11/27,26411.,A,WA,S43,HARVEY FLD,SNOHOMISH,US,PR,PU,15R/33L,47.90816944,-122.10455833,47.90173333,-122.10200277,2430,100,TURF,EXCELLENT,NONE,,,,,,,STATE,2003/05/27,,,,,50204.2890625,2302.75776008393
7724,2025/11/27,26412.,A,WA,2S9,WILLAPA HARBOR,SOUTH BEND/RAYMOND/,US,PU,PU,11/29,46.70053611,-123.82761333,46.694705,-123.81915333,3005,52,ASPH,GOOD,NONE,,,,,,MED,,,12,,,,30848.8671875,2716.54374913744
7725,2025/11/27,26416.,A,WA,GEG,SPOKANE INTL,SPOKANE,US,PU,PU,03/21,47.6100808,-117.55007988,47.63121697,-117.51826591,11002,150,ASPH-CONC,EXCELLENT,GRVD,,,,,,HIGH,NGS,2012/03/01,200,200,400,,337204.03125,10080.9569299199
7726,2025/11/27,26416.,A,WA,GEG,SPOKANE INTL,SPOKANE,US,PU,PU,08/26,47.61696352,-117.55326775,47.61676783,-117.52002902,8199,150,ASPH,GOOD,GRVD,,,,,,MED,NGS,2012/03/01,150,180,280,,251280.1640625,7536.33671426061
7727,2025/11/27,26417.,A,WA,SFF,FELTS FLD,SPOKANE,US,PU,PU,04L/22R,47.6792003,-117.33138702,47.68641616,-117.31657677,4499,140,CONC,GOOD,NONE,,,,,,MED,3RD PARTY SURVEY,2017/10/24,30,,,,129015.1015625,4197.02529155386
7728,2025/11/27,26417.,A,WA,SFF,FELTS FLD,SPOKANE,US,PU,PU,04R/22L,47.68104022,-117.32414697,47.68528925,-117.3154213,2650,75,ASPH,FAIR,NONE,,,,,,,3RD PARTY SURVEY,2017/10/24,30,,,,40713.09375,2465.52140343135
7730,2025/11/27,26424.3,A,WA,13W,CAMANO ISLAND AIRFIELD,STANWOOD,US,PR,PU,16/34,48.25933477,-122.43618172,48.25453661,-122.43620511,1750,24,ASPH,FAIR,NONE,,,,,,,,,,,,,8798.046875,1626.434667505
7732,2025/11/27,26424.5,A,WA,16W,LITTLE GOOSE LOCK AND DAM,STARBUCK,US,PU,PU,07/25,46.58398252,-118.01034097,46.58388236,-117.99681713,3400,50,GRAVEL,POOR,NONE,,,,,,,,,,,,,33431.2109375,3055.51946135897
7733,2025/11/27,26425.,A,WA,6S9,STEHEKIN STATE,STEHEKIN,US,PU,PU,13/31,48.34893477,-120.7233808,48.34259663,-120.71822236,2630,100,TURF,FAIR,NONE,,,,,,,,,,,,,55283.6953125,2505.47626209766
7734,2025/11/27,26428.,A,WA,1S5,SUNNYSIDE MUNI,SUNNYSIDE,US,PU,PU,07/25,46.32709941,-119.97714061,46.32704769,-119.96358386,3425,60,ASPH,GOOD,NONE,,,,,,LOW,3RD PARTY SURVEY,2021/12/07,12.5,,,,40025.7734375,3071.35096472053
7736,2025/11/27,26434.4,A,WA,TIW,TACOMA NARROWS,TACOMA,US,PU,PU,17/35,47.27474483,-122.57687825,47.26113527,-122.57933547,5002,100,ASPH,GOOD,GRVD,,,,,,MED,3RD PARTY SURVEY,2017/03/15,50,80,80,150,100857.859375,4588.36054129541
7738,2025/11/27,26436.,A,WA,73S,WILLARD FLD,TEKOA,US,PU,PU,04/22,47.23393972,-117.04764916,47.23712777,-117.03985,2261,40,ASPH,FAIR,NONE,,,,,,MED,OWNER,2010/08/20,,,,,18205.3046875,2062.71279436192
7739,2025/11/27,26437.,A,WA,TDO,ED CARLSON MEML FLD/SOUTH LEWIS COUNTY,TOLEDO,US,PU,PU,06/24,46.47544636,-122.81500755,46.47889108,-122.79794347,4479,150,ASPH,GOOD,NONE,,,,,,MED,3RD PARTY SURVEY,2022/10/11,25,,,,131576.578125,4091.93781071912
7740,2025/11/27,26438.,A,WA,W01,TONASKET MUNI,TONASKET,US,PU,PU,15/33,48.72885722,-119.46754444,48.72087944,-119.46372555,3053,50,ASPH,FAIR,NONE,,,,,,MED,STATE,2003/04/09,,,,,32562.09375,2869.66617624269
7742,2025/11/27,26440.,A,WA,2S0,TWISP MUNI,TWISP,US,PU,PU,10/28,48.35234333,-120.09883916,48.34882722,-120.0890625,2701,60,ASPH-CONC,FAIR,NONE,,,,,,MED,STATE,2002/06/13,,,,,34068.3125,2530.01785722073
7743,2025/11/27,26444.,A,WA,VUO,PEARSON FLD,VANCOUVER,US,PU,PU,08/26,45.62109277,-122.66282333,45.61981194,-122.65015333,3275,60,ASPH,GOOD,NONE,,,,,,MED,NGS,1993/02/02,,,,,37319.0703125,2902.52405908479
7745,2025/11/27,26444.4,A,WA,W56,FLY FOR FUN,VANCOUVER,US,PR,PU,07/25,45.68725111,-122.526615,45.68730861,-122.51709083,2434,50,TURF,GOOD,NONE,,,,,,,STATE,2002/06/26,,,,,23166.90625,2164.23069795716
7746,2025/11/27,26448.,A,WA,2S1,VASHON MUNI,VASHON,US,PU,PU,17/35,47.46130861,-122.4764575,47.45586861,-122.47748638,2001,60,TURF,GOOD,NONE,,,,,,NSTD,,,,,,,24380.265625,1859.91288810167
7749,2025/11/27,26450.,A,WA,ALW,WALLA WALLA RGNL,WALLA WALLA,US,PU,PU,02/20,46.08532111,-118.29167583,46.09976616,-118.27648936,6527,150,CONC,GOOD,GRVD,,,,,,HIGH,3RD PARTY SURVEY,2018/01/18,84,107,164,,189065.3046875,5870.89505413222
7751,2025/11/27,26454.,A,WA,2S4,WARDEN,WARDEN,US,PU,PU,17/35,46.9696375,-119.06561194,46.96199294,-119.06705147,2811,60,ASPH,FAIR,NONE,,,,,,MED,STATE,2003/04/04,,,,,33633.2578125,2567.99023706896
7753,2025/11/27,26457.,A,WA,2S5,WATERVILLE,WATERVILLE,US,PU,PU,07/25,47.65602444,-120.06250527,47.65598388,-120.05042027,2978,50,ASPH,GOOD,NONE,,,,,,LOW,STATE,2002/06/10,5,,,,30475.5546875,2735.93165615916
7754,2025/11/27,26461.,A,WA,EAT,PANGBORN MEML,WENATCHEE,US,PU,PU,12/30,47.40574625,-120.21727163,47.39217116,-120.19729566,7000,150,ASPH,GOOD,NONE,,,,,,HIGH,3RD PARTY SURVEY,2016/07/29,116,192,,,212775.78125,6437.138066651
7755,2025/11/27,26463.,A,WA,14S,WESTPORT,WESTPORT,US,PU,PU,12/30,46.89926333,-124.10392361,46.89463805,-124.09756722,2318,50,ASPH,GOOD,NONE,,,,,,MED,,,,,,,23046.734375,2111.92227554614
7757,2025/11/27,26471.,A,WA,2S8,WILBUR,WILBUR,US,PU,PU,02/20,47.74913858,-118.74854911,47.75764261,-118.73927547,3851,60,ASPH,EXCELLENT,NONE,,,,,,MED,3RD PARTY SURVEY,2016/01/21,15.5,,,,47455.2109375,3546.25039209985
7758,2025/11/27,26477.,A,WA,S52,METHOW VALLEY STATE,WINTHROP,US,PU,PU,13/31,48.43074305,-120.15156777,48.41915305,-120.14020444,5049,75,ASPH,EXCELLENT,NONE,,,,,,MED,STATE,2002/06/13,30,,,,79824.4375,4707.86280070949
7759,2025/11/27,26478.1,A,WA,W27,WOODLAND STATE,WOODLAND,US,PU,PU,14/32,45.90199722,-122.73929444,45.89636777,-122.73572638,2245,25,ASPH,GOOD,NONE,,,,,,LOW,,,,,,,10763.5234375,1990.25773793601
7760,2025/11/27,26480.,A,WA,YKM,YAKIMA AIR TRML/MCALLISTER FLD,YAKIMA,US,PU,PU,04/22,46.56390036,-120.54813416,46.56917438,-120.53494702,3835,150,ASPH,POOR,PFC,,,,,,MED,3RD PARTY SURVEY,2018/11/13,70,80,120,,113007.0703125,3529.67801372275
7761,2025/11/27,26480.,A,WA,YKM,YAKIMA AIR TRML/MCALLISTER FLD,YAKIMA,US,PU,PU,09/27,46.5725518,-120.55953866,46.56542491,-120.53113122,7604,150,ASPH,EXCELLENT,GRVD,,,,,,HIGH,3RD PARTY SURVEY,2018/11/13,95,160,220,550,224103.890625,6865.7234110489
